model,test_case,precision,recall,f1,mean_error,median_error,rmse,tp,fp,fn,samples
unet,random,0.9921259842519685,0.996704021094265,0.99440973364025,0.08644699305295944,0.06467688083648682,0.12856173515319824,1512,12,5,64
unet,cubic,0.9939007225297927,0.995769483877033,0.9948342256034565,0.09351737052202225,0.06945342570543289,0.13766412436962128,10592,65,45,64
unet,hexagonal,0.9937833745118355,0.9946553924696873,0.9942191922816251,0.09470781683921814,0.07040733098983765,0.1397944539785385,12469,78,67,64
unet,graphene,0.9920844327176781,0.9964664310954063,0.994270603790216,0.09287283569574356,0.06103294715285301,0.15209165215492249,1128,9,4,16
unet,ws2,0.9942028985507246,0.9942028985507246,0.9942028985507246,0.1198839321732521,0.08552023023366928,0.17278271913528442,1029,6,6,16
unet,sto,0.9922380336351876,0.8014629049111808,0.8867052023121387,0.14577120542526245,0.09845220297574997,0.2089492231607437,767,6,190,16
